Tempo (s)	Tens√£o (V)
-0.99526793	2.708
-0.99447171	2.708
-0.9936755	2.648
-0.99287928	2.708
-0.99208307	2.408
-0.99128685	2.648
-0.99049064	2.528
-0.98969443	2.468
-0.98889821	2.408
-0.988102	2.228
-0.98730578	2.288
-0.98650957	2.348
-0.98571335	2.168
-0.98491714	2.228
-0.98412093	2.168
-0.98332471	1.988
-0.9825285	2.108
-0.98173228	1.928
-0.98093607	1.928
-0.98013985	1.988
-0.97934364	1.748
-0.97854743	1.808
-0.97775121	1.688
-0.976955	1.568
-0.97615878	1.628
-0.97536257	1.508
-0.97456635	1.568
-0.97377014	1.448
-0.97297392	1.328
-0.97217771	1.448
-0.9713815	1.208
-0.97058528	1.268
-0.96978907	1.148
-0.96899285	1.088
-0.96819664	1.028
-0.96740042	1.088
-0.96660421	1.028
-0.965808	0.968
-0.96501178	0.848
-0.96421557	0.908
-0.96341935	0.848
-0.96262314	0.728
-0.96182692	0.728
-0.96103071	0.668
-0.9602345	0.548
-0.95943828	0.548
-0.95864207	0.308
-0.95784585	0.428
-0.95704964	0.308
-0.95625342	0.428
-0.95545721	0.368
-0.95466099	0.248
-0.95386478	0.128
-0.95306857	0.188
-0.95227235	0.128
-0.95147614	-0.052
-0.95067992	-0.052
-0.94988371	-0.112
-0.94908749	-0.112
-0.94829128	-0.292
-0.94749507	-0.292
-0.94669885	-0.292
-0.94590264	-0.412
-0.94510642	-0.412
-0.94431021	-0.532
-0.94351399	-0.472
-0.94271778	-0.532
-0.94192157	-0.532
-0.94112535	-0.652
-0.94032914	-0.652
-0.93953292	-0.832
-0.93873671	-0.832
-0.93794049	-0.892
-0.93714428	-0.892
-0.93634807	-0.952
-0.93555185	-1.012
-0.93475564	-1.072
-0.93395942	-1.072
-0.93316321	-1.252
-0.93236699	-1.192
-0.93157078	-1.252
-0.93077456	-1.492
-0.92997835	-1.432
-0.92918214	-1.492
-0.92838592	-1.432
-0.92758971	-1.552
-0.92679349	-1.432
-0.92599728	-1.492
-0.92520106	-1.732
-0.92440485	-1.672
-0.92360864	-1.852
-0.92281242	-1.732
-0.92201621	-1.912
-0.92121999	-1.852
-0.92042378	-1.972
-0.91962756	-2.032
-0.91883135	-2.032
-0.91803514	-2.212
-0.91723892	-2.092
-0.91644271	-2.152
-0.91564649	-2.272
-0.91485028	-2.272
-0.91405406	-2.272
-0.91325785	-2.392
-0.91246163	-2.452
-0.91166542	-2.512
-0.91086921	-2.452
-0.91007299	-2.572
-0.90927678	-2.632
-0.90848056	-2.752
-0.90768435	-2.632
-0.90688813	-2.812
-0.90609192	-2.812
-0.90529571	-2.752
-0.90449949	-2.872
-0.90370328	-2.992
-0.90290706	-2.932
-0.90211085	-3.052
-0.90131463	-3.172
-0.90051842	-3.112
-0.89972221	-3.292
-0.89892599	-2.992
-0.89812978	-3.232
-0.89733356	-3.232
-0.89653735	-3.232
-0.89574113	-3.472
-0.89494492	-3.352
-0.89414871	-3.472
-0.89335249	-3.472
-0.89255628	-3.412
-0.89176006	-3.532
-0.89096385	-3.472
-0.89016763	-3.592
-0.88937142	-3.712
-0.8885752	-3.772
-0.88777899	-3.652
-0.88698278	-3.652
-0.88618656	-3.832
-0.88539035	-3.712
-0.88459413	-3.892
-0.88379792	-3.832
-0.8830017	-3.892
-0.88220549	-3.952
-0.88140928	-3.892
-0.88061306	-3.892
-0.87981685	-4.072
-0.87902063	-4.132
-0.87822442	-4.072
-0.8774282	-4.252
-0.87663199	-4.252
-0.87583578	-4.252
-0.87503956	-4.312
-0.87424335	-4.372
-0.87344713	-4.372
-0.87265092	-4.372
-0.8718547	-4.372
-0.87105849	-4.432
-0.87026227	-4.192
-0.86946606	-4.372
-0.86866985	-4.492
-0.86787363	-4.492
-0.86707742	-4.552
-0.8662812	-4.552
-0.86548499	-4.612
-0.86468877	-4.612
-0.86389256	-4.672
-0.86309635	-4.732
-0.86230013	-4.672
-0.86150392	-4.612
-0.8607077	-4.732
-0.85991149	-4.852
-0.85911527	-4.852
-0.85831906	-4.732
-0.85752285	-4.732
-0.85672663	-4.672
-0.85593042	-4.852
-0.8551342	-4.792
-0.85433799	-4.732
-0.85354177	-4.972
-0.85274556	-4.792
-0.85194934	-4.972
-0.85115313	-4.972
-0.85035692	-4.972
-0.8495607	-4.972
-0.84876449	-4.912
-0.84796827	-4.852
-0.84717206	-4.972
-0.84637584	-4.972
-0.84557963	-5.032
-0.84478342	-5.212
-0.8439872	-5.092
-0.84319099	-4.972
-0.84239477	-5.152
-0.84159856	-5.092
-0.84080234	-5.032
-0.84000613	-5.092
-0.83920992	-5.152
-0.8384137	-5.032
-0.83761749	-5.152
-0.83682127	-5.212
-0.83602506	-5.152
-0.83522884	-5.152
-0.83443263	-5.032
-0.83363642	-5.032
-0.8328402	-5.212
-0.83204399	-5.212
-0.83124777	-5.272
-0.83045156	-5.212
-0.82965534	-5.212
-0.82885913	-5.212
-0.82806291	-5.212
-0.8272667	-5.212
-0.82647049	-5.152
-0.82567427	-5.272
-0.82487806	-5.092
-0.82408184	-5.212
-0.82328563	-5.212
-0.82248941	-5.332
-0.8216932	-5.152
-0.82089699	-5.152
-0.82010077	-5.272
-0.81930456	-5.092
-0.81850834	-5.152
-0.81771213	-5.212
-0.81691591	-5.152
-0.8161197	-5.152
-0.81532349	-5.212
-0.81452727	-5.152
-0.81373106	-5.092
-0.81293484	-5.152
-0.81213863	-5.212
-0.81134241	-5.032
-0.8105462	-5.092
-0.80974998	-5.152
-0.80895377	-5.092
-0.80815756	-4.972
-0.80736134	-5.152
-0.80656513	-5.032
-0.80576891	-5.032
-0.8049727	-4.912
-0.80417648	-5.032
-0.80338027	-5.032
-0.80258406	-4.912
-0.80178784	-4.912
-0.80099163	-4.912
-0.80019541	-4.972
-0.7993992	-4.972
-0.79860298	-4.852
-0.79780677	-4.852
-0.79701056	-4.792
-0.79621434	-4.852
-0.79541813	-4.672
-0.79462191	-4.672
-0.7938257	-4.852
-0.79302948	-4.852
-0.79223327	-4.792
-0.79143706	-4.612
-0.79064084	-4.672
-0.78984463	-4.612
-0.78904841	-4.552
-0.7882522	-4.672
-0.78745598	-4.612
-0.78665977	-4.552
-0.78586355	-4.552
-0.78506734	-4.612
-0.78427113	-4.612
-0.78347491	-4.492
-0.7826787	-4.432
-0.78188248	-4.432
-0.78108627	-4.432
-0.78029005	-4.492
-0.77949384	-4.372
-0.77869763	-4.252
-0.77790141	-4.192
-0.7771052	-4.132
-0.77630898	-4.072
-0.77551277	-4.132
-0.77471655	-4.132
-0.77392034	-4.072
-0.77312413	-4.132
-0.77232791	-4.012
-0.7715317	-3.952
-0.77073548	-4.072
-0.76993927	-3.892
-0.76914305	-3.832
-0.76834684	-3.952
-0.76755062	-3.892
-0.76675441	-3.892
-0.7659582	-3.832
-0.76516198	-3.712
-0.76436577	-3.832
-0.76356955	-3.592
-0.76277334	-3.592
-0.76197712	-3.712
-0.76118091	-3.592
-0.7603847	-3.472
-0.75958848	-3.532
-0.75879227	-3.352
-0.75799605	-3.352
-0.75719984	-3.292
-0.75640362	-3.232
-0.75560741	-3.412
-0.7548112	-3.232
-0.75401498	-3.112
-0.75321877	-3.232
-0.75242255	-3.172
-0.75162634	-3.052
-0.75083012	-3.052
-0.75003391	-2.992
-0.74923769	-2.992
-0.74844148	-2.872
-0.74764527	-2.752
-0.74684905	-2.752
-0.74605284	-2.632
-0.74525662	-2.752
-0.74446041	-2.752
-0.74366419	-2.572
-0.74286798	-2.572
-0.74207177	-2.632
-0.74127555	-2.512
-0.74047934	-2.392
-0.73968312	-2.332
-0.73888691	-2.332
-0.73809069	-2.272
-0.73729448	-2.392
-0.73649827	-2.212
-0.73570205	-2.212
-0.73490584	-2.152
-0.73410962	-2.092
-0.73331341	-2.032
-0.73251719	-1.972
-0.73172098	-1.972
-0.73092477	-1.852
-0.73012855	-1.852
-0.72933234	-1.912
-0.72853612	-1.852
-0.72773991	-1.672
-0.72694369	-1.672
-0.72614748	-1.612
-0.72535126	-1.492
-0.72455505	-1.492
-0.72375884	-1.432
-0.72296262	-1.492
-0.72216641	-1.372
-0.72137019	-1.252
-0.72057398	-1.252
-0.71977776	-1.132
-0.71898155	-1.012
-0.71818534	-0.952
-0.71738912	-1.072
-0.71659291	-1.072
-0.71579669	-0.652
-0.71500048	-0.892
-0.71420426	-0.892
-0.71340805	-0.712
-0.71261184	-0.772
-0.71181562	-0.772
-0.71101941	-0.592
-0.71022319	-0.592
-0.70942698	-0.412
-0.70863076	-0.592
-0.70783455	-0.472
-0.70703833	-0.352
-0.70624212	-0.412
-0.70544591	-0.292
-0.70464969	-0.232
-0.70385348	-0.172
-0.70305726	-0.052
-0.70226105	-0.052
-0.70146483	-0.112
-0.70066862	0.188
-0.69987241	0.128
-0.69907619	0.248
-0.69827998	0.188
-0.69748376	0.188
-0.69668755	0.308
-0.69589133	0.308
-0.69509512	0.368
-0.69429891	0.488
-0.69350269	0.488
-0.69270648	0.488
-0.69191026	0.608
-0.69111405	0.668
-0.69031783	0.608
-0.68952162	0.848
-0.68872541	0.788
-0.68792919	0.788
-0.68713298	0.908
-0.68633676	0.968
-0.68554055	1.088
-0.68474433	1.088
-0.68394812	1.148
-0.6831519	1.208
-0.68235569	1.148
-0.68155948	1.208
-0.68076326	1.388
-0.67996705	1.448
-0.67917083	1.508
-0.67837462	1.568
-0.6775784	1.568
-0.67678219	1.508
-0.67598598	1.688
-0.67518976	1.748
-0.67439355	1.748
-0.67359733	1.868
-0.67280112	1.688
-0.6720049	1.928
-0.67120869	1.868
-0.67041248	2.108
-0.66961626	2.048
-0.66882005	2.168
-0.66802383	2.228
-0.66722762	2.228
-0.6664314	2.168
-0.66563519	2.228
-0.66483897	2.348
-0.66404276	2.288
-0.66324655	2.468
-0.66245033	2.408
-0.66165412	2.408
-0.6608579	2.588
-0.66006169	2.648
-0.65926547	2.648
-0.65846926	2.648
-0.65767305	2.648
-0.65687683	2.768
-0.65608062	2.648
-0.6552844	2.948
-0.65448819	2.828
-0.65369197	3.068
-0.65289576	2.948
-0.65209955	3.008
-0.65130333	2.948
-0.65050712	3.068
-0.6497109	3.128
-0.64891469	3.188
-0.64811847	3.308
-0.64732226	3.248
-0.64652604	3.428
-0.64572983	3.308
-0.64493362	3.308
-0.6441374	3.488
-0.64334119	3.548
-0.64254497	3.548
-0.64174876	3.428
-0.64095254	3.548
-0.64015633	3.608
-0.63936012	3.668
-0.6385639	3.848
-0.63776769	3.788
-0.63697147	3.788
-0.63617526	3.788
-0.63537904	3.848
-0.63458283	3.848
-0.63378662	3.968
-0.6329904	3.968
-0.63219419	3.848
-0.63139797	3.968
-0.63060176	4.148
-0.62980554	4.088
-0.62900933	4.028
-0.62821312	4.088
-0.6274169	4.208
-0.62662069	4.328
-0.62582447	4.208
-0.62502826	4.268
-0.62423204	4.328
-0.62343583	4.328
-0.62263961	4.328
-0.6218434	4.448
-0.62104719	4.268
-0.62025097	4.448
-0.61945476	4.568
-0.61865854	4.448
-0.61786233	4.628
-0.61706611	4.628
-0.6162699	4.508
-0.61547369	4.628
-0.61467747	4.688
-0.61388126	4.628
-0.61308504	4.688
-0.61228883	4.688
-0.61149261	4.568
-0.6106964	4.628
-0.60990019	4.808
-0.60910397	4.868
-0.60830776	4.868
-0.60751154	4.868
-0.60671533	4.928
-0.60591911	4.928
-0.6051229	4.868
-0.60432668	4.868
-0.60353047	4.868
-0.60273426	4.988
-0.60193804	5.048
-0.60114183	4.928
-0.60034561	4.988
-0.5995494	4.988
-0.59875318	5.048
-0.59795697	4.988
-0.59716076	4.988
-0.59636454	5.108
-0.59556833	4.988
-0.59477211	5.108
-0.5939759	5.228
-0.59317968	5.048
-0.59238347	5.108
-0.59158726	5.228
-0.59079104	5.228
-0.58999483	5.168
-0.58919861	5.168
-0.5884024	5.168
-0.58760618	5.168
-0.58680997	5.288
-0.58601376	5.108
-0.58521754	5.168
-0.58442133	5.108
-0.58362511	5.228
-0.5828289	5.168
-0.58203268	5.228
-0.58123647	5.228
-0.58044025	5.288
-0.57964404	5.228
-0.57884783	5.228
-0.57805161	5.288
-0.5772554	5.168
-0.57645918	5.228
-0.57566297	5.168
-0.57486675	5.288
-0.57407054	5.288
-0.57327433	5.168
-0.57247811	5.288
-0.5716819	5.168
-0.57088568	5.228
-0.57008947	5.108
-0.56929325	5.108
-0.56849704	5.228
-0.56770083	5.228
-0.56690461	5.228
-0.5661084	5.228
-0.56531218	5.108
-0.56451597	5.228
-0.56371975	5.228
-0.56292354	5.168
-0.56212732	5.168
-0.56133111	5.168
-0.5605349	5.168
-0.55973868	5.108
-0.55894247	5.048
-0.55814625	5.108
-0.55735004	5.048
-0.55655382	4.988
-0.55575761	5.108
-0.5549614	5.048
-0.55416518	5.048
-0.55336897	4.988
-0.55257275	5.048
-0.55177654	5.108
-0.55098032	4.988
-0.55018411	4.928
-0.5493879	4.928
-0.54859168	4.928
-0.54779547	4.988
-0.54699925	4.868
-0.54620304	4.868
-0.54540682	4.928
-0.54461061	4.748
-0.54381439	4.748
-0.54301818	4.868
-0.54222197	4.748
-0.54142575	4.808
-0.54062954	4.688
-0.53983332	4.688
-0.53903711	4.808
-0.53824089	4.508
-0.53744468	4.628
-0.53664847	4.568
-0.53585225	4.508
-0.53505604	4.688
-0.53425982	4.448
-0.53346361	4.448
-0.53266739	4.508
-0.53187118	4.448
-0.53107497	4.388
-0.53027875	4.268
-0.52948254	4.328
-0.52868632	4.328
-0.52789011	4.328
-0.52709389	4.328
-0.52629768	4.208
-0.52550147	4.208
-0.52470525	4.148
-0.52390904	4.148
-0.52311282	4.088
-0.52231661	4.088
-0.52152039	4.208
-0.52072418	3.968
-0.51992796	3.968
-0.51913175	3.848
-0.51833554	3.848
-0.51753932	3.788
-0.51674311	3.848
-0.51594689	3.728
-0.51515068	3.668
-0.51435446	3.788
-0.51355825	3.548
-0.51276204	3.728
-0.51196582	3.608
-0.51116961	3.668
-0.51037339	3.608
-0.50957718	3.488
-0.50878096	3.488
-0.50798475	3.428
-0.50718854	3.308
-0.50639232	3.308
-0.50559611	3.368
-0.50479989	3.248
-0.50400368	3.188
-0.50320746	3.248
-0.50241125	3.128
-0.50161503	3.188
-0.50081882	3.008
-0.50002261	3.128
-0.49922639	3.008
-0.49843018	2.828
-0.49763396	3.068
-0.49683775	2.828
-0.49604153	2.768
-0.49524532	2.648
-0.49444911	2.708
-0.49365289	2.708
-0.49285668	2.648
-0.49206046	2.588
-0.49126425	2.588
-0.49046803	2.348
-0.48967182	2.408
-0.48887561	2.288
-0.48807939	2.288
-0.48728318	2.288
-0.48648696	2.228
-0.48569075	2.288
-0.48489453	2.108
-0.48409832	2.108
-0.48330211	1.988
-0.48250589	1.928
-0.48170968	1.988
-0.48091346	1.928
-0.48011725	1.808
-0.47932103	1.928
-0.47852482	1.808
-0.4777286	1.568
-0.47693239	1.748
-0.47613618	1.748
-0.47533996	1.448
-0.47454375	1.508
-0.47374753	1.448
-0.47295132	1.448
-0.4721551	1.328
-0.47135889	1.328
-0.47056268	1.268
-0.46976646	1.148
-0.46897025	1.148
-0.46817403	1.148
-0.46737782	1.088
-0.4665816	1.088
-0.46578539	1.028
-0.46498918	0.848
-0.46419296	0.848
-0.46339675	0.908
-0.46260053	0.728
-0.46180432	0.668
-0.4610081	0.608
-0.46021189	0.608
-0.45941567	0.608
-0.45861946	0.488
-0.45782325	0.368
-0.45702703	0.248
-0.45623082	0.308
-0.4554346	0.308
-0.45463839	0.248
-0.45384217	0.128
-0.45304596	0.068
-0.45224975	0.128
-0.45145353	-0.112
-0.45065732	-0.052
-0.4498611	0.008
-0.44906489	-0.112
-0.44826867	-0.172
-0.44747246	-0.352
-0.44667625	-0.232
-0.44588003	-0.472
-0.44508382	-0.412
-0.4442876	-0.472
-0.44349139	-0.472
-0.44269517	-0.532
-0.44189896	-0.652
-0.44110274	-0.712
-0.44030653	-0.832
-0.43951032	-0.772
-0.4387141	-0.712
-0.43791789	-0.952
-0.43712167	-0.952
-0.43632546	-1.012
-0.43552924	-1.072
-0.43473303	-1.012
-0.43393682	-1.192
-0.4331406	-1.192
-0.43234439	-1.312
-0.43154817	-1.132
-0.43075196	-1.372
-0.42995574	-1.372
-0.42915953	-1.432
-0.42836332	-1.492
-0.4275671	-1.552
-0.42677089	-1.732
-0.42597467	-1.672
-0.42517846	-1.732
-0.42438224	-1.792
-0.42358603	-1.672
-0.42278982	-1.792
-0.4219936	-1.912
-0.42119739	-1.912
-0.42040117	-1.972
-0.41960496	-1.972
-0.41880874	-2.092
-0.41801253	-2.152
-0.41721631	-2.152
-0.4164201	-2.212
-0.41562389	-2.452
-0.41482767	-2.272
-0.41403146	-2.332
-0.41323524	-2.392
-0.41243903	-2.452
-0.41164281	-2.572
-0.4108466	-2.512
-0.41005039	-2.572
-0.40925417	-2.572
-0.40845796	-2.692
-0.40766174	-2.692
-0.40686553	-2.752
-0.40606931	-2.932
-0.4052731	-2.812
-0.40447689	-2.872
-0.40368067	-2.812
-0.40288446	-2.992
-0.40208824	-2.992
-0.40129203	-3.112
-0.40049581	-3.172
-0.3996996	-3.232
-0.39890338	-3.352
-0.39810717	-3.352
-0.39731096	-3.292
-0.39651474	-3.352
-0.39571853	-3.412
-0.39492231	-3.412
-0.3941261	-3.352
-0.39332988	-3.532
-0.39253367	-3.412
-0.39173746	-3.412
-0.39094124	-3.532
-0.39014503	-3.532
-0.38934881	-3.772
-0.3885526	-3.772
-0.38775638	-3.772
-0.38696017	-3.772
-0.38616396	-3.712
-0.38536774	-3.832
-0.38457153	-3.892
-0.38377531	-3.892
-0.3829791	-3.952
-0.38218288	-3.952
-0.38138667	-3.952
-0.38059046	-4.072
-0.37979424	-4.192
-0.37899803	-4.012
-0.37820181	-4.132
-0.3774056	-4.132
-0.37660938	-4.252
-0.37581317	-4.252
-0.37501695	-4.072
-0.37422074	-4.432
-0.37342453	-4.372
-0.37262831	-4.312
-0.3718321	-4.492
-0.37103588	-4.312
-0.37023967	-4.552
-0.36944345	-4.432
-0.36864724	-4.552
-0.36785103	-4.492
-0.36705481	-4.492
-0.3662586	-4.612
-0.36546238	-4.612
-0.36466617	-4.552
-0.36386995	-4.672
-0.36307374	-4.732
-0.36227753	-4.672
-0.36148131	-4.732
-0.3606851	-4.732
-0.35988888	-4.792
-0.35909267	-4.792
-0.35829645	-4.852
-0.35750024	-4.852
-0.35670402	-4.732
-0.35590781	-4.792
-0.3551116	-4.972
-0.35431538	-4.912
-0.35351917	-4.852
-0.35272295	-4.852
-0.35192674	-4.852
-0.35113052	-4.972
-0.35033431	-4.972
-0.3495381	-5.032
-0.34874188	-5.032
-0.34794567	-4.912
-0.34714945	-5.032
-0.34635324	-5.092
-0.34555702	-5.032
-0.34476081	-5.032
-0.3439646	-5.032
-0.34316838	-4.972
-0.34237217	-5.092
-0.34157595	-5.032
-0.34077974	-5.092
-0.33998352	-5.092
-0.33918731	-5.152
-0.33839109	-5.092
-0.33759488	-5.092
-0.33679867	-5.152
-0.33600245	-5.092
-0.33520624	-5.152
-0.33441002	-5.212
-0.33361381	-5.152
-0.33281759	-5.272
-0.33202138	-5.092
-0.33122517	-5.092
-0.33042895	-5.212
-0.32963274	-5.212
-0.32883652	-5.272
-0.32804031	-5.152
-0.32724409	-5.212
-0.32644788	-5.152
-0.32565167	-5.092
-0.32485545	-5.092
-0.32405924	-5.092
-0.32326302	-5.272
-0.32246681	-5.212
-0.32167059	-5.152
-0.32087438	-5.272
-0.32007817	-5.272
-0.31928195	-5.092
-0.31848574	-5.152
-0.31768952	-5.212
-0.31689331	-5.212
-0.31609709	-5.092
-0.31530088	-5.152
-0.31450466	-5.212
-0.31370845	-5.152
-0.31291224	-5.092
-0.31211602	-5.032
-0.31131981	-5.152
-0.31052359	-5.152
-0.30972738	-5.092
-0.30893116	-5.152
-0.30813495	-5.032
-0.30733874	-5.032
-0.30654252	-5.092
-0.30574631	-4.972
-0.30495009	-4.972
-0.30415388	-4.972
-0.30335766	-4.972
-0.30256145	-5.032
-0.30176524	-5.032
-0.30096902	-5.032
-0.30017281	-4.912
-0.29937659	-4.912
-0.29858038	-4.912
-0.29778416	-4.792
-0.29698795	-4.972
-0.29619173	-4.792
-0.29539552	-4.792
-0.29459931	-4.852
-0.29380309	-4.732
-0.29300688	-4.792
-0.29221066	-4.612
-0.29141445	-4.732
-0.29061823	-4.672
-0.28982202	-4.732
-0.28902581	-4.612
-0.28822959	-4.612
-0.28743338	-4.612
-0.28663716	-4.492
-0.28584095	-4.612
-0.28504473	-4.552
-0.28424852	-4.492
-0.28345231	-4.552
-0.28265609	-4.252
-0.28185988	-4.432
-0.28106366	-4.432
-0.28026745	-4.372
-0.27947123	-4.312
-0.27867502	-4.192
-0.27787881	-4.312
-0.27708259	-4.192
-0.27628638	-4.312
-0.27549016	-4.252
-0.27469395	-4.132
-0.27389773	-4.132
-0.27310152	-4.072
-0.2723053	-4.072
-0.27150909	-4.072
-0.27071288	-4.012
-0.26991666	-3.892
-0.26912045	-3.892
-0.26832423	-3.772
-0.26752802	-3.892
-0.2667318	-3.832
-0.26593559	-3.652
-0.26513938	-3.712
-0.26434316	-3.712
-0.26354695	-3.712
-0.26275073	-3.712
-0.26195452	-3.592
-0.2611583	-3.592
-0.26036209	-3.532
-0.25956588	-3.472
-0.25876966	-3.412
-0.25797345	-3.472
-0.25717723	-3.352
-0.25638102	-3.292
-0.2555848	-3.172
-0.25478859	-3.292
-0.25399237	-3.232
-0.25319616	-3.112
-0.25239995	-3.292
-0.25160373	-3.232
-0.25080752	-2.932
-0.2500113	-3.052
-0.24921509	-2.932
-0.24841887	-2.992
-0.24762266	-2.932
-0.24682645	-2.752
-0.24603023	-2.752
-0.24523402	-2.692
-0.2444378	-2.692
-0.24364159	-2.632
-0.24284537	-2.632
-0.24204916	-2.572
-0.24125295	-2.692
-0.24045673	-2.452
-0.23966052	-2.392
-0.2388643	-2.392
-0.23806809	-2.392
-0.23727187	-2.272
-0.23647566	-2.212
-0.23567944	-2.212
-0.23488323	-2.272
-0.23408702	-2.152
-0.2332908	-2.032
-0.23249459	-2.092
-0.23169837	-2.092
-0.23090216	-1.912
-0.23010594	-1.732
-0.22930973	-1.792
-0.22851352	-1.792
-0.2277173	-1.672
-0.22692109	-1.672
-0.22612487	-1.672
-0.22532866	-1.492
-0.22453244	-1.612
-0.22373623	-1.492
-0.22294002	-1.492
-0.2221438	-1.432
-0.22134759	-1.432
-0.22055137	-1.252
-0.21975516	-1.252
-0.21895894	-1.192
-0.21816273	-1.072
-0.21736652	-1.012
-0.2165703	-1.012
-0.21577409	-1.012
-0.21497787	-0.892
-0.21418166	-0.892
-0.21338544	-0.832
-0.21258923	-0.832
-0.21179301	-0.712
-0.2109968	-0.532
-0.21020059	-0.472
-0.20940437	-0.472
-0.20860816	-0.412
-0.20781194	-0.412
-0.20701573	-0.352
-0.20621951	-0.352
-0.2054233	-0.292
-0.20462709	-0.232
-0.20383087	-0.172
-0.20303466	-0.172
-0.20223844	-0.172
-0.20144223	-0.112
-0.20064601	-0.052
-0.1998498	0.188
-0.19905359	0.068
-0.19825737	0.188
-0.19746116	0.308
-0.19666494	0.248
-0.19586873	0.248
-0.19507251	0.548
-0.1942763	0.608
-0.19348008	0.548
-0.19268387	0.488
-0.19188766	0.608
-0.19109144	0.668
-0.19029523	0.788
-0.18949901	0.728
-0.1887028	0.788
-0.18790658	0.908
-0.18711037	0.968
-0.18631416	1.088
-0.18551794	1.028
-0.18472173	1.148
-0.18392551	1.088
-0.1831293	1.208
-0.18233308	1.208
-0.18153687	1.268
-0.18074066	1.268
-0.17994444	1.388
-0.17914823	1.388
-0.17835201	1.508
-0.1775558	1.628
-0.17675958	1.628
-0.17596337	1.628
-0.17516716	1.748
-0.17437094	1.808
-0.17357473	1.868
-0.17277851	1.868
-0.1719823	1.868
-0.17118608	1.868
-0.17038987	2.048
-0.16959365	2.108
-0.16879744	2.048
-0.16800123	2.228
-0.16720501	2.168
-0.1664088	2.288
-0.16561258	2.228
-0.16481637	2.348
-0.16402015	2.408
-0.16322394	2.528
-0.16242773	2.468
-0.16163151	2.468
-0.1608353	2.588
-0.16003908	2.648
-0.15924287	2.708
-0.15844665	2.588
-0.15765044	2.708
-0.15685423	2.828
-0.15605801	2.768
-0.1552618	2.828
-0.15446558	2.888
-0.15366937	3.008
-0.15287315	3.068
-0.15207694	3.008
-0.15128072	3.188
-0.15048451	3.068
-0.1496883	3.068
-0.14889208	3.128
-0.14809587	3.068
-0.14729965	3.188
-0.14650344	3.308
-0.14570722	3.368
-0.14491101	3.428
-0.1441148	3.548
-0.14331858	3.548
-0.14252237	3.488
-0.14172615	3.608
-0.14092994	3.608
-0.14013372	3.608
-0.13933751	3.548
-0.1385413	3.668
-0.13774508	3.848
-0.13694887	3.728
-0.13615265	3.728
-0.13535644	3.848
-0.13456022	3.848
-0.13376401	3.908
-0.13296779	4.088
-0.13217158	3.908
-0.13137537	4.028
-0.13057915	4.028
-0.12978294	4.088
-0.12898672	4.028
-0.12819051	4.268
-0.12739429	4.208
-0.12659808	4.268
-0.12580187	4.028
-0.12500565	4.268
-0.12420944	4.268
-0.12341322	4.268
-0.12261701	4.328
-0.12182079	4.268
-0.12102458	4.508
-0.12022837	4.388
-0.11943215	4.388
-0.11863594	4.508
-0.11783972	4.448
-0.11704351	4.628
-0.11624729	4.568
-0.11545108	4.628
-0.11465487	4.568
-0.11385865	4.628
-0.11306244	4.568
-0.11226622	4.568
-0.11147001	4.568
-0.11067379	4.568
-0.10987758	4.628
-0.10908136	4.688
-0.10828515	4.688
-0.10748894	4.748
-0.10669272	4.808
-0.10589651	4.988
-0.10510029	4.748
-0.10430408	4.808
-0.10350786	4.988
-0.10271165	4.748
-0.10191544	4.988
-0.10111922	4.928
-0.10032301	4.928
-0.099526793	4.928
-0.09873057800000001	4.868
-0.09793436400000001	4.988
-0.09713815	5.048
-0.096341935	4.988
-0.095545721	4.988
-0.094749507	5.048
-0.093953292	5.108
-0.093157078	5.048
-0.092360864	5.048
-0.091564649	5.108
-0.090768435	5.228
-0.08997222099999999	5.048
-0.089176006	5.048
-0.088379792	5.228
-0.08758357800000001	5.168
-0.086787363	5.108
-0.085991149	5.108
-0.085194934	5.228
-0.08439872	5.108
-0.083602506	5.168
-0.08280629099999999	5.228
-0.082010077	5.168
-0.081213863	5.168
-0.080417648	5.228
-0.079621434	5.168
-0.07882522	5.108
-0.078029005	5.048
-0.077232791	5.108
-0.076436577	5.168
-0.075640362	5.168
-0.074844148	5.288
-0.07404793400000001	5.108
-0.073251719	5.168
-0.072455505	5.228
-0.071659291	5.108
-0.070863076	5.288
-0.07006686200000001	5.168
-0.069270648	5.108
-0.068474433	5.288
-0.067678219	5.168
-0.066882005	5.168
-0.06608579	5.108
-0.065289576	5.168
-0.064493362	5.228
-0.063697147	5.168
-0.06290093299999999	5.108
-0.062104719	5.108
-0.06130850400000001	5.228
-0.06051229	5.168
-0.05971607599999999	5.168
-0.058919861	5.108
-0.058123647	5.108
-0.057327433	5.228
-0.056531218	4.988
-0.055735004000000005	5.168
-0.05493879	5.108
-0.054142575	5.048
-0.053346360999999995	5.168
-0.052550147	4.988
-0.051753932	4.928
-0.050957718	4.988
-0.050161502999999996	4.868
-0.04936528900000001	4.928
-0.048569075	4.808
-0.04777286	4.928
-0.046976646	4.808
-0.046180432	4.748
-0.045384217000000004	4.868
-0.044588003	4.748
-0.043791789000000005	4.748
-0.042995574	4.748
-0.04219936	4.688
-0.041403146	4.748
-0.040606931	4.688
-0.039810717	4.688
-0.039014503	4.568
-0.038218287999999996	4.688
-0.037422074	4.748
-0.03662586	4.508
-0.035829645	4.508
-0.035033431000000004	4.568
-0.034237217	4.508
-0.033441002000000004	4.388
-0.032644788	4.328
-0.031848574	4.568
-0.031052358999999998	4.328
-0.030256145	4.328
-0.029459931	4.268
-0.028663716000000002	4.268
-0.027867502000000002	4.208
-0.027071288	4.148
-0.026275073	4.208
-0.025478859	4.088
-0.024682645	4.088
-0.02388643	4.148
-0.023090216	4.148
-0.022294002	4.028
-0.021497787	3.908
-0.020701573	4.028
-0.019905358999999997	4.028
-0.019109143999999998	3.908
-0.01831293	3.848
-0.017516716	3.848
-0.016720501000000002	3.788
-0.015924287	3.728
-0.015128072	3.728
-0.014331858000000001	3.668
-0.013535644	3.728
-0.012739428999999998	3.548
-0.011943215	3.668
-0.011147001	3.428
-0.010350785999999999	3.548
-0.0095545721	3.548
-0.0087583578	3.428
-0.0079621434	3.428
-0.0071659291	3.368
-0.0063697147	3.368
-0.0055735004000000005	3.188
-0.0047772859999999995	3.248
-0.0039810717	3.128
-0.0031848574	3.188
-0.0023886429999999998	3.068
-0.0015924287	3.008
-0.0007962143400000001	3.188
0.0	3.068
0.0007962143400000001	2.888
0.0015924287	2.948
0.0023886429999999998	2.648
0.0031848574	2.948
0.0039810717	2.768
0.0047772859999999995	2.648
0.0055735004000000005	2.708
0.0063697147	2.648
0.0071659291	2.648
0.0079621434	2.648
0.0087583578	2.468
0.0095545721	2.468
0.010350785999999999	2.528
0.011147001	2.408
0.011943215	2.288
0.012739428999999998	2.288
0.013535644	2.228
0.014331858000000001	2.168
0.015128072	2.048
0.015924287	2.168
0.016720501000000002	2.108
0.017516716	1.928
0.01831293	1.988
0.019109143999999998	1.808
0.019905358999999997	1.868
0.020701573	1.808
0.021497787	1.748
0.022294002	1.628
0.023090216	1.748
0.02388643	1.688
0.024682645	1.568
0.025478859	1.508
0.026275073	1.568
0.027071288	1.448
0.027867502000000002	1.388
0.028663716000000002	1.328
0.029459931	1.208
0.030256145	1.148
0.031052358999999998	1.208
0.031848574	0.968
0.032644788	1.088
0.033441002000000004	0.968
0.034237217	0.848
0.035033431000000004	0.848
0.035829645	0.728
0.03662586	0.848
0.037422074	0.728
0.038218287999999996	0.728
0.039014503	0.668
0.039810717	0.488
0.040606931	0.548
0.041403146	0.488
0.04219936	0.548
0.042995574	0.368
0.043791789000000005	0.188
0.044588003	0.188
0.045384217000000004	0.128
0.046180432	0.128
0.046976646	0.188
0.04777286	0.008
0.048569075	-0.052
0.04936528900000001	-0.052
0.050161502999999996	-0.172
0.050957718	-0.112
0.051753932	-0.232
0.052550147	-0.352
0.053346360999999995	-0.292
0.054142575	-0.412
0.05493879	-0.412
0.055735004000000005	-0.412
0.056531218	-0.532
0.057327433	-0.592
0.058123647	-0.532
0.058919861	-0.712
0.05971607599999999	-0.712
0.06051229	-0.832
0.06130850400000001	-0.832
0.062104719	-0.772
0.06290093299999999	-1.012
0.063697147	-0.832
0.064493362	-1.072
0.065289576	-1.132
0.06608579	-1.072
0.066882005	-1.192
0.067678219	-1.252
0.068474433	-1.252
0.069270648	-1.372
0.07006686200000001	-1.312
0.070863076	-1.492
0.071659291	-1.492
0.072455505	-1.492
0.073251719	-1.552
0.07404793400000001	-1.612
0.074844148	-1.672
0.075640362	-1.792
0.076436577	-1.672
0.077232791	-1.912
0.078029005	-1.972
0.07882522	-1.852
0.079621434	-2.092
0.080417648	-1.972
0.081213863	-2.032
0.082010077	-2.032
0.08280629099999999	-2.212
0.083602506	-2.332
0.08439872	-2.272
0.085194934	-2.332
0.085991149	-2.392
0.086787363	-2.392
0.08758357800000001	-2.512
0.088379792	-2.512
0.089176006	-2.572
0.08997222099999999	-2.572
0.090768435	-2.692
0.091564649	-2.632
0.092360864	-2.752
0.093157078	-2.692
0.093953292	-2.752
0.094749507	-2.932
0.095545721	-2.812
0.096341935	-3.052
0.09713815	-2.932
0.09793436400000001	-3.112
0.09873057800000001	-3.052
0.099526793	-3.112
0.10032301	-3.292
0.10111922	-3.172
0.10191544	-3.232
0.10271165	-3.352
0.10350786	-3.232
0.10430408	-3.292
0.10510029	-3.352
0.10589651	-3.472
0.10669272	-3.412
0.10748894	-3.472
0.10828515	-3.592
0.10908136	-3.592
0.10987758	-3.712
0.11067379	-3.592
0.11147001	-3.652
0.11226622	-3.712
0.11306244	-3.772
0.11385865	-3.772
0.11465487	-3.892
0.11545108	-3.832
0.11624729	-3.772
0.11704351	-3.952
0.11783972	-3.892
0.11863594	-4.132
0.11943215	-4.072
0.12022837	-4.132
0.12102458	-4.192
0.12182079	-4.072
0.12261701	-4.252
0.12341322	-4.192
0.12420944	-4.312
0.12500565	-4.432
0.12580187	-4.252
0.12659808	-4.372
0.12739429	-4.372
0.12819051	-4.372
0.12898672	-4.492
0.12978294	-4.312
0.13057915	-4.432
0.13137537	-4.492
0.13217158	-4.432
0.13296779	-4.492
0.13376401	-4.492
0.13456022	-4.552
0.13535644	-4.672
0.13615265	-4.672
0.13694887	-4.612
0.13774508	-4.672
0.1385413	-4.732
0.13933751	-4.672
0.14013372	-4.732
0.14092994	-4.672
0.14172615	-4.792
0.14252237	-4.792
0.14331858	-4.792
0.1441148	-4.852
0.14491101	-4.912
0.14570722	-4.852
0.14650344	-4.912
0.14729965	-4.912
0.14809587	-4.972
0.14889208	-4.912
0.1496883	-4.912
0.15048451	-4.912
0.15128072	-4.912
0.15207694	-5.032
0.15287315	-5.152
0.15366937	-4.972
0.15446558	-4.972
0.1552618	-4.972
0.15605801	-5.092
0.15685423	-5.152
0.15765044	-4.972
0.15844665	-5.212
0.15924287	-5.152
0.16003908	-5.212
0.1608353	-5.152
0.16163151	-5.092
0.16242773	-5.152
0.16322394	-5.092
0.16402015	-5.272
0.16481637	-5.152
0.16561258	-5.092
0.1664088	-5.152
0.16720501	-5.152
0.16800123	-5.212
0.16879744	-5.272
0.16959365	-5.332
0.17038987	-5.332
0.17118608	-5.092
0.1719823	-5.212
0.17277851	-5.212
0.17357473	-5.152
0.17437094	-5.212
0.17516716	-5.092
0.17596337	-5.212
0.17675958	-5.272
0.1775558	-5.212
0.17835201	-5.032
0.17914823	-5.212
0.17994444	-5.212
0.18074066	-5.152
0.18153687	-5.152
0.18233308	-5.032
0.1831293	-5.212
0.18392551	-4.972
0.18472173	-5.212
0.18551794	-5.212
0.18631416	-5.152
0.18711037	-5.152
0.18790658	-5.152
0.1887028	-5.032
0.18949901	-5.032
0.19029523	-5.092
0.19109144	-4.912
0.19188766	-5.032
0.19268387	-5.032
0.19348008	-5.092
0.1942763	-5.152
0.19507251	-4.972
0.19586873	-5.032
0.19666494	-4.912
0.19746116	-5.032
0.19825737	-4.972
0.19905359	-4.852
0.1998498	-4.972
0.20064601	-4.852
0.20144223	-4.912
0.20223844	-4.732
0.20303466	-4.792
0.20383087	-4.912
0.20462709	-4.672
0.2054233	-4.732
0.20621951	-4.792
0.20701573	-4.672
0.20781194	-4.672
0.20860816	-4.612
0.20940437	-4.732
0.21020059	-4.672
0.2109968	-4.672
0.21179301	-4.732
0.21258923	-4.612
0.21338544	-4.552
0.21418166	-4.552
0.21497787	-4.672
0.21577409	-4.312
0.2165703	-4.492
0.21736652	-4.492
0.21816273	-4.372
0.21895894	-4.372
0.21975516	-4.192
0.22055137	-4.312
0.22134759	-4.372
0.2221438	-4.132
0.22294002	-4.252
0.22373623	-4.192
0.22453244	-4.312
0.22532866	-4.132
0.22612487	-4.132
0.22692109	-4.072
0.2277173	-3.952
0.22851352	-3.892
0.22930973	-3.892
0.23010594	-3.892
0.23090216	-3.892
0.23169837	-3.892
0.23249459	-3.832
0.2332908	-3.772
0.23408702	-3.832
0.23488323	-3.652
0.23567944	-3.772
0.23647566	-3.712
0.23727187	-3.472
0.23806809	-3.652
0.2388643	-3.532
0.23966052	-3.592
0.24045673	-3.412
0.24125295	-3.472
0.24204916	-3.412
0.24284537	-3.352
0.24364159	-3.352
0.2444378	-3.352
0.24523402	-3.292
0.24603023	-3.232
0.24682645	-3.112
0.24762266	-3.172
0.24841887	-3.112
0.24921509	-3.112
0.2500113	-2.932
0.25080752	-2.992
0.25160373	-2.932
0.25239995	-2.812
0.25319616	-2.752
0.25399237	-2.752
0.25478859	-2.752
0.2555848	-2.632
0.25638102	-2.692
0.25717723	-2.632
0.25797345	-2.572
0.25876966	-2.452
0.25956588	-2.452
0.26036209	-2.392
0.2611583	-2.332
0.26195452	-2.332
0.26275073	-2.212
0.26354695	-2.212
0.26434316	-2.152
0.26513938	-1.972
0.26593559	-2.092
0.2667318	-2.032
0.26752802	-2.032
0.26832423	-2.092
0.26912045	-1.912
0.26991666	-1.852
0.27071288	-1.792
0.27150909	-1.732
0.2723053	-1.612
0.27310152	-1.672
0.27389773	-1.552
0.27469395	-1.672
0.27549016	-1.552
0.27628638	-1.432
0.27708259	-1.432
0.27787881	-1.252
0.27867502	-1.252
0.27947123	-1.252
0.28026745	-1.252
0.28106366	-1.192
0.28185988	-1.012
0.28265609	-1.132
0.28345231	-1.012
0.28424852	-0.892
0.28504473	-0.832
0.28584095	-0.892
0.28663716	-0.892
0.28743338	-0.712
0.28822959	-0.712
0.28902581	-0.592
0.28982202	-0.592
0.29061823	-0.472
0.29141445	-0.412
0.29221066	-0.472
0.29300688	-0.352
0.29380309	-0.232
0.29459931	-0.292
0.29539552	-0.112
0.29619173	-0.232
0.29698795	-0.172
0.29778416	-0.052
0.29858038	0.128
0.29937659	0.008
0.30017281	0.008
0.30096902	0.068
0.30176524	0.248
0.30256145	0.248
0.30335766	0.248
0.30415388	0.428
0.30495009	0.428
0.30574631	0.428
0.30654252	0.668
0.30733874	0.668
0.30813495	0.668
0.30893116	0.668
0.30972738	0.668
0.31052359	0.908
0.31131981	0.728
0.31211602	0.908
0.31291224	0.908
0.31370845	0.968
0.31450466	1.148
0.31530088	1.148
0.31609709	1.088
0.31689331	1.328
0.31768952	1.148
0.31848574	1.208
0.31928195	1.388
0.32007817	1.388
0.32087438	1.448
0.32167059	1.448
0.32246681	1.568
0.32326302	1.628
0.32405924	1.568
0.32485545	1.748
0.32565167	1.688
0.32644788	1.868
0.32724409	1.928
0.32804031	1.748
0.32883652	2.048
0.32963274	1.868
0.33042895	2.048
0.33122517	2.168
0.33202138	2.168
0.33281759	2.168
0.33361381	2.168
0.33441002	2.228
0.33520624	2.288
0.33600245	2.408
0.33679867	2.348
0.33759488	2.588
0.33839109	2.528
0.33918731	2.468
0.33998352	2.528
0.34077974	2.528
0.34157595	2.708
0.34237217	2.708
0.34316838	2.708
0.3439646	3.008
0.34476081	2.828
0.34555702	2.948
0.34635324	3.008
0.34714945	2.948
0.34794567	3.008
0.34874188	3.008
0.3495381	3.188
0.35033431	3.248
0.35113052	3.068
0.35192674	3.368
0.35272295	3.248
0.35351917	3.308
0.35431538	3.368
0.3551116	3.368
0.35590781	3.428
0.35670402	3.488
0.35750024	3.428
0.35829645	3.428
0.35909267	3.608
0.35988888	3.668
0.3606851	3.788
0.36148131	3.668
0.36227753	3.788
0.36307374	3.788
0.36386995	3.848
0.36466617	3.908
0.36546238	3.848
0.3662586	3.908
0.36705481	3.908
0.36785103	3.968
0.36864724	4.028
0.36944345	3.908
0.37023967	4.148
0.37103588	4.088
0.3718321	4.148
0.37262831	4.208
0.37342453	4.088
0.37422074	4.388
0.37501695	4.208
0.37581317	4.328
0.37660938	4.328
0.3774056	4.208
0.37820181	4.328
0.37899803	4.448
0.37979424	4.388
0.38059046	4.328
0.38138667	4.508
0.38218288	4.448
0.3829791	4.448
0.38377531	4.628
0.38457153	4.628
0.38536774	4.688
0.38616396	4.628
0.38696017	4.688
0.38775638	4.868
0.3885526	4.808
0.38934881	4.748
0.39014503	4.808
0.39094124	4.688
0.39173746	4.748
0.39253367	4.748
0.39332988	4.808
0.3941261	4.868
0.39492231	4.928
0.39571853	4.808
0.39651474	4.808
0.39731096	4.928
0.39810717	5.048
0.39890338	4.868
0.3996996	4.928
0.40049581	4.988
0.40129203	4.928
0.40208824	5.048
0.40288446	5.048
0.40368067	4.988
0.40447689	5.048
0.4052731	5.048
0.40606931	5.108
0.40686553	5.108
0.40766174	5.108
0.40845796	5.108
0.40925417	5.108
0.41005039	5.168
0.4108466	5.048
0.41164281	5.048
0.41243903	5.048
0.41323524	5.168
0.41403146	5.048
0.41482767	5.108
0.41562389	5.168
0.4164201	5.168
0.41721631	5.228
0.41801253	5.168
0.41880874	5.228
0.41960496	5.108
0.42040117	5.228
0.42119739	5.168
0.4219936	5.108
0.42278982	5.048
0.42358603	5.108
0.42438224	5.228
0.42517846	5.108
0.42597467	5.108
0.42677089	5.168
0.4275671	5.108
0.42836332	5.228
0.42915953	5.168
0.42995574	5.108
0.43075196	5.228
0.43154817	5.108
0.43234439	5.168
0.4331406	5.108
0.43393682	5.168
0.43473303	5.168
0.43552924	5.108
0.43632546	5.048
0.43712167	5.108
0.43791789	5.168
0.4387141	5.168
0.43951032	5.108
0.44030653	5.048
0.44110274	5.048
0.44189896	5.048
0.44269517	5.048
0.44349139	5.048
0.4442876	5.048
0.44508382	5.048
0.44588003	5.048
0.44667625	4.868
0.44747246	5.048
0.44826867	4.928
0.44906489	4.928
0.4498611	4.988
0.45065732	4.868
0.45145353	4.928
0.45224975	4.868
0.45304596	4.928
0.45384217	4.868
0.45463839	4.748
0.4554346	4.808
0.45623082	4.628
0.45702703	4.748
0.45782325	4.748
0.45861946	4.688
0.45941567	4.748
0.46021189	4.568
0.4610081	4.688
0.46180432	4.688
0.46260053	4.568
0.46339675	4.508
0.46419296	4.628
0.46498918	4.388
0.46578539	4.508
0.4665816	4.448
0.46737782	4.268
0.46817403	4.448
0.46897025	4.268
0.46976646	4.268
0.47056268	4.328
0.47135889	4.388
0.4721551	4.268
0.47295132	4.268
0.47374753	4.208
0.47454375	4.088
0.47533996	4.088
0.47613618	4.028
0.47693239	4.028
0.4777286	4.088
0.47852482	4.028
0.47932103	4.088
0.48011725	3.968
0.48091346	4.028
0.48170968	3.968
0.48250589	3.788
0.48330211	3.848
0.48409832	3.728
0.48489453	3.728
0.48569075	3.728
0.48648696	3.608
0.48728318	3.668
0.48807939	3.668
0.48887561	3.548
0.48967182	3.548
0.49046803	3.548
0.49126425	3.488
0.49206046	3.488
0.49285668	3.488
0.49365289	3.308
0.49444911	3.368
0.49524532	3.368
0.49604153	3.128
0.49683775	3.308
0.49763396	3.128
0.49843018	3.068
0.49922639	2.948
0.50002261	2.948
0.50081882	2.948
0.50161503	2.828
0.50241125	2.828
0.50320746	2.828
0.50400368	2.648
0.50479989	2.708
0.50559611	2.648
0.50639232	2.588
0.50718854	2.648
0.50798475	2.588
0.50878096	2.588
0.50957718	2.408
0.51037339	2.468
0.51116961	2.288
0.51196582	2.408
0.51276204	2.288
0.51355825	2.288
0.51435446	2.168
0.51515068	2.228
0.51594689	2.108
0.51674311	1.988
0.51753932	1.988
0.51833554	1.988
0.51913175	1.928
0.51992796	1.868
0.52072418	1.808
0.52152039	1.748
0.52231661	1.748
0.52311282	1.628
0.52390904	1.628
0.52470525	1.628
0.52550147	1.568
0.52629768	1.448
0.52709389	1.448
0.52789011	1.448
0.52868632	1.328
0.52948254	1.088
0.53027875	1.148
0.53107497	1.088
0.53187118	0.908
0.53266739	1.028
0.53346361	0.908
0.53425982	0.908
0.53505604	0.908
0.53585225	0.848
0.53664847	0.728
0.53744468	0.608
0.53824089	0.608
0.53903711	0.488
0.53983332	0.668
0.54062954	0.368
0.54142575	0.428
0.54222197	0.428
0.54301818	0.368
0.54381439	0.308
0.54461061	0.128
0.54540682	0.188
0.54620304	0.128
0.54699925	0.068
0.54779547	0.068
0.54859168	0.008
0.5493879	-0.052
0.55018411	-0.232
0.55098032	-0.172
0.55177654	-0.292
0.55257275	-0.352
0.55336897	-0.292
0.55416518	-0.412
0.5549614	-0.412
0.55575761	-0.592
0.55655382	-0.592
0.55735004	-0.532
0.55814625	-0.772
0.55894247	-0.652
0.55973868	-0.712
0.5605349	-0.832
0.56133111	-0.892
0.56212732	-0.832
0.56292354	-0.832
0.56371975	-1.012
0.56451597	-1.012
0.56531218	-1.132
0.5661084	-1.132
0.56690461	-1.252
0.56770083	-1.192
0.56849704	-1.312
0.56929325	-1.372
0.57008947	-1.432
0.57088568	-1.432
0.5716819	-1.492
0.57247811	-1.612
0.57327433	-1.612
0.57407054	-1.732
0.57486675	-1.732
0.57566297	-1.672
0.57645918	-1.852
0.5772554	-1.792
0.57805161	-1.792
0.57884783	-2.032
0.57964404	-2.032
0.58044025	-2.092
0.58123647	-2.032
0.58203268	-2.032
0.5828289	-2.212
0.58362511	-2.212
0.58442133	-2.332
0.58521754	-2.332
0.58601376	-2.332
0.58680997	-2.452
0.58760618	-2.452
0.5884024	-2.452
0.58919861	-2.512
0.58999483	-2.512
0.59079104	-2.572
0.59158726	-2.752
0.59238347	-2.632
0.59317968	-2.752
0.5939759	-2.692
0.59477211	-2.752
0.59556833	-2.992
0.59636454	-2.932
0.59716076	-3.052
0.59795697	-2.932
0.59875318	-2.932
0.5995494	-3.232
0.60034561	-3.112
0.60114183	-3.172
0.60193804	-3.232
0.60273426	-3.292
0.60353047	-3.352
0.60432668	-3.292
0.6051229	-3.412
0.60591911	-3.412
0.60671533	-3.532
0.60751154	-3.472
0.60830776	-3.652
0.60910397	-3.652
0.60990019	-3.652
0.6106964	-3.592
0.61149261	-3.772
0.61228883	-3.772
0.61308504	-3.592
0.61388126	-3.832
0.61467747	-3.892
0.61547369	-3.832
0.6162699	-3.952
0.61706611	-3.952
0.61786233	-4.132
0.61865854	-4.012
0.61945476	-4.012
0.62025097	-4.132
0.62104719	-4.132
0.6218434	-4.072
0.62263961	-4.192
0.62343583	-4.252
0.62423204	-4.252
0.62502826	-4.192
0.62582447	-4.492
0.62662069	-4.432
0.6274169	-4.252
0.62821312	-4.372
0.62900933	-4.552
0.62980554	-4.432
0.63060176	-4.552
0.63139797	-4.552
0.63219419	-4.552
0.6329904	-4.612
0.63378662	-4.492
0.63458283	-4.612
0.63537904	-4.612
0.63617526	-4.612
0.63697147	-4.672
0.63776769	-4.612
0.6385639	-4.732
0.63936012	-4.732
0.64015633	-4.672
0.64095254	-4.792
0.64174876	-4.792
0.64254497	-4.732
0.64334119	-4.852
0.6441374	-4.792
0.64493362	-4.852
0.64572983	-4.912
0.64652604	-4.912
0.64732226	-4.972
0.64811847	-4.972
0.64891469	-4.972
0.6497109	-5.092
0.65050712	-5.032
0.65130333	-5.032
0.65209955	-4.972
0.65289576	-5.152
0.65369197	-5.152
0.65448819	-5.092
0.6552844	-4.972
0.65608062	-5.092
0.65687683	-5.152
0.65767305	-5.092
0.65846926	-5.092
0.65926547	-5.092
0.66006169	-5.152
0.6608579	-5.212
0.66165412	-5.152
0.66245033	-5.272
0.66324655	-5.272
0.66404276	-5.212
0.66483897	-5.152
0.66563519	-5.212
0.6664314	-5.272
0.66722762	-5.272
0.66802383	-5.212
0.66882005	-5.152
0.66961626	-5.212
0.67041248	-5.272
0.67120869	-5.152
0.6720049	-5.152
0.67280112	-5.092
0.67359733	-5.152
0.67439355	-5.332
0.67518976	-5.152
0.67598598	-5.212
0.67678219	-5.212
0.6775784	-5.332
0.67837462	-5.272
0.67917083	-5.152
0.67996705	-5.272
0.68076326	-5.152
0.68155948	-5.152
0.68235569	-5.212
0.6831519	-5.272
0.68394812	-5.152
0.68474433	-5.152
0.68554055	-5.032
0.68633676	-5.032
0.68713298	-5.032
0.68792919	-5.212
0.68872541	-5.272
0.68952162	-5.032
0.69031783	-5.032
0.69111405	-5.152
0.69191026	-5.032
0.69270648	-5.152
0.69350269	-4.972
0.69429891	-5.092
0.69509512	-4.972
0.69589133	-4.972
0.69668755	-5.032
0.69748376	-5.092
0.69827998	-4.852
0.69907619	-5.092
0.69987241	-4.852
0.70066862	-4.912
0.70146483	-4.852
0.70226105	-4.792
0.70305726	-4.852
0.70385348	-4.792
0.70464969	-4.852
0.70544591	-4.732
0.70624212	-4.792
0.70703833	-4.732
0.70783455	-4.792
0.70863076	-4.792
0.70942698	-4.732
0.71022319	-4.732
0.71101941	-4.552
0.71181562	-4.492
0.71261184	-4.612
0.71340805	-4.612
0.71420426	-4.552
0.71500048	-4.492
0.71579669	-4.552
0.71659291	-4.432
0.71738912	-4.612
0.71818534	-4.432
0.71898155	-4.372
0.71977776	-4.312
0.72057398	-4.312
0.72137019	-4.372
0.72216641	-4.252
0.72296262	-4.252
0.72375884	-4.372
0.72455505	-4.312
0.72535126	-4.072
0.72614748	-4.132
0.72694369	-4.072
0.72773991	-4.012
0.72853612	-3.952
0.72933234	-3.952
0.73012855	-3.952
0.73092477	-4.012
0.73172098	-3.892
0.73251719	-3.952
0.73331341	-3.892
0.73410962	-3.832
0.73490584	-3.832
0.73570205	-3.652
0.73649827	-3.652
0.73729448	-3.592
0.73809069	-3.652
0.73888691	-3.592
0.73968312	-3.652
0.74047934	-3.472
0.74127555	-3.412
0.74207177	-3.532
0.74286798	-3.352
0.74366419	-3.292
0.74446041	-3.412
0.74525662	-3.172
0.74605284	-3.172
0.74684905	-3.232
0.74764527	-3.172
0.74844148	-3.172
0.74923769	-3.052
0.75003391	-2.932
0.75083012	-3.052
0.75162634	-2.932
0.75242255	-2.872
0.75321877	-2.932
0.75401498	-2.692
0.7548112	-2.872
0.75560741	-2.752
0.75640362	-2.632
0.75719984	-2.692
0.75799605	-2.572
0.75879227	-2.452
0.75958848	-2.572
0.7603847	-2.392
0.76118091	-2.272
0.76197712	-2.212
0.76277334	-2.332
0.76356955	-2.212
0.76436577	-2.092
0.76516198	-2.032
0.7659582	-2.092
0.76675441	-1.912
0.76755062	-1.912
0.76834684	-1.972
0.76914305	-1.912
0.76993927	-1.912
0.77073548	-1.672
0.7715317	-1.852
0.77232791	-1.732
0.77312413	-1.612
0.77392034	-1.732
0.77471655	-1.552
0.77551277	-1.612
0.77630898	-1.492
0.7771052	-1.432
0.77790141	-1.312
0.77869763	-1.312
0.77949384	-1.252
0.78029005	-1.192
0.78108627	-1.072
0.78188248	-1.012
0.7826787	-1.072
0.78347491	-1.072
0.78427113	-1.012
0.78506734	-0.832
0.78586355	-0.712
0.78665977	-0.892
0.78745598	-0.712
0.7882522	-0.712
0.78904841	-0.712
0.78984463	-0.652
0.79064084	-0.472
0.79143706	-0.592
0.79223327	-0.472
0.79302948	-0.352
0.7938257	-0.352
0.79462191	-0.352
0.79541813	-0.172
0.79621434	-0.232
0.79701056	-0.052
0.79780677	-0.052
0.79860298	-0.052
0.7993992	0.068
0.80019541	0.128
0.80099163	0.128
0.80178784	0.188
0.80258406	0.188
0.80338027	0.308
0.80417648	0.248
0.8049727	0.368
0.80576891	0.428
0.80656513	0.548
0.80736134	0.548
0.80815756	0.608
0.80895377	0.608
0.80974998	0.608
0.8105462	0.788
0.81134241	0.788
0.81213863	0.968
0.81293484	1.028
0.81373106	0.968
0.81452727	1.088
0.81532349	1.028
0.8161197	1.148
0.81691591	1.208
0.81771213	1.268
0.81850834	1.388
0.81930456	1.328
0.82010077	1.388
0.82089699	1.328
0.8216932	1.448
0.82248941	1.568
0.82328563	1.508
0.82408184	1.628
0.82487806	1.628
0.82567427	1.808
0.82647049	1.808
0.8272667	1.808
0.82806291	1.928
0.82885913	1.988
0.82965534	2.048
0.83045156	1.928
0.83124777	2.048
0.83204399	2.168
0.8328402	2.108
0.83363642	2.168
0.83443263	2.228
0.83522884	2.408
0.83602506	2.348
0.83682127	2.528
0.83761749	2.408
0.8384137	2.468
0.83920992	2.648
0.84000613	2.528
0.84080234	2.828
0.84159856	2.768
0.84239477	2.708
0.84319099	2.828
0.8439872	2.768
0.84478342	2.828
0.84557963	2.888
0.84637584	3.008
0.84717206	2.948
0.84796827	3.008
0.84876449	3.068
0.8495607	3.128
0.85035692	3.128
0.85115313	3.248
0.85194934	3.308
0.85274556	3.308
0.85354177	3.308
0.85433799	3.308
0.8551342	3.368
0.85593042	3.368
0.85672663	3.428
0.85752285	3.548
0.85831906	3.608
0.85911527	3.548
0.85991149	3.548
0.8607077	3.548
0.86150392	3.728
0.86230013	3.668
0.86309635	3.728
0.86389256	3.848
0.86468877	3.668
0.86548499	3.908
0.8662812	3.848
0.86707742	3.908
0.86787363	4.028
0.86866985	3.968
0.86946606	4.028
0.87026227	3.968
0.87105849	4.148
0.8718547	4.028
0.87265092	4.088
0.87344713	4.208
0.87424335	4.148
0.87503956	4.148
0.87583578	4.268
0.87663199	4.208
0.8774282	4.268
0.87822442	4.268
0.87902063	4.328
0.87981685	4.448
0.88061306	4.568
0.88140928	4.568
0.88220549	4.568
0.8830017	4.448
0.88379792	4.508
0.88459413	4.568
0.88539035	4.568
0.88618656	4.628
0.88698278	4.628
0.88777899	4.628
0.8885752	4.748
0.88937142	4.688
0.89016763	4.748
0.89096385	4.808
0.89176006	4.688
0.89255628	4.808
0.89335249	4.868
0.89414871	4.748
0.89494492	4.808
0.89574113	4.808
0.89653735	4.808
0.89733356	5.048
0.89812978	4.808
0.89892599	4.988
0.89972221	4.988
0.90051842	4.868
0.90131463	4.988
0.90211085	4.868
0.90290706	5.108
0.90370328	4.988
0.90449949	5.048
0.90529571	5.048
0.90609192	5.048
0.90688813	5.048
0.90768435	5.108
0.90848056	5.168
0.90927678	5.168
0.91007299	5.048
0.91086921	5.108
0.91166542	5.108
0.91246163	5.168
0.91325785	5.108
0.91405406	5.288
0.91485028	5.108
0.91564649	5.288
0.91644271	5.108
0.91723892	5.168
0.91803514	5.168
0.91883135	5.048
0.91962756	5.168
0.92042378	5.168
0.92121999	5.168
0.92201621	5.288
0.92281242	5.048
0.92360864	5.348
0.92440485	5.228
0.92520106	5.108
0.92599728	5.408
0.92679349	5.228
0.92758971	5.288
0.92838592	5.288
0.92918214	5.288
0.92997835	5.288
0.93077456	5.288
0.93157078	5.168
0.93236699	5.108
0.93316321	5.228
0.93395942	5.108
0.93475564	5.228
0.93555185	5.168
0.93634807	5.108
0.93714428	5.228
0.93794049	5.108
0.93873671	5.168
0.93953292	5.108
0.94032914	5.108
0.94112535	5.108
0.94192157	5.048
0.94271778	5.048
0.94351399	4.868
0.94431021	5.048
0.94510642	5.048
0.94590264	5.048
0.94669885	4.988
0.94749507	4.928
0.94829128	4.928
0.94908749	4.868
0.94988371	4.988
0.95067992	4.988
0.95147614	4.868
0.95227235	4.808
0.95306857	4.748
0.95386478	4.808
0.95466099	4.808
0.95545721	4.748
0.95625342	4.808
0.95704964	4.808
0.95784585	4.688
0.95864207	4.688
0.95943828	4.748
0.9602345	4.628
0.96103071	4.628
0.96182692	4.688
0.96262314	4.568
0.96341935	4.568
0.96421557	4.568
0.96501178	4.508
0.965808	4.508
0.96660421	4.448
0.96740042	4.508
0.96819664	4.508
0.96899285	4.448
0.96978907	4.448
0.97058528	4.328
0.9713815	4.268
0.97217771	4.268
0.97297392	4.268
0.97377014	4.148
0.97456635	4.268
0.97536257	4.208
0.97615878	4.208
0.976955	4.148
0.97775121	4.028
0.97854743	4.088
0.97934364	3.908
0.98013985	4.028
0.98093607	3.848
0.98173228	3.788
0.9825285	3.848
0.98332471	3.728
0.98412093	3.788
0.98491714	3.728
0.98571335	3.668
0.98650957	3.728
0.98730578	3.608
0.988102	3.548
0.98889821	3.488
0.98969443	3.548
0.99049064	3.308
0.99128685	3.308
0.99208307	3.488
0.99287928	3.368
0.9936755	3.308
0.99447171	3.188
